newton,secant,fixed
0.06714329040978384,0.06714329040978384,0.06714329040978384
0.0008322872125656744,0.007143290409783787,0.0008322872125656744
1.2537492166675435e-07,8.776616226990885e-05,2.0282911164182238e-05
2.7755575615628914e-15,1.1356844720200598e-07,4.97204237226434e-07
,1.8035573035035668e-12,1.2189930287398454e-08
,,2.988609359988459e-10
,,7.327138895618646e-12
