n,iters_jacobi,iters_gs,speedup
50,13,8,1.625
100,12,8,1.5
200,10,7,1.4285714285714286
500,9,7,1.2857142857142858
